{"cases":[44.17745213821471,55.82254786178529],"hospitalized":[38.7078235356392,61.29217646436079],"death":[36.03027988054726,63.96972011945273]}