{"cases":[44.35504138981826,55.64495861018174],"hospitalized":[38.86661625601004,61.13338374398995],"death":[36.03027988054726,63.96972011945273]}