{"cases":[43.66630096341339,56.333699036586616],"hospitalized":[38.66151782973292,61.338482170267085],"death":[35.73642794690406,64.26357205309593]}