{"cases":[43.32583859990278,56.67416140009723],"hospitalized":[38.030344080195064,61.96965591980492],"death":[35.04389948531637,64.95610051468361]}