{"cases":[43.55418477498949,56.44581522501052],"hospitalized":[38.016940707523666,61.98305929247633],"death":[34.84565014031806,65.15434985968194]}