{"cases":[45.75368094551681,54.246319054483195],"hospitalized":[39.27315849678347,60.726841503216534],"death":[36.914770256558924,63.085229743441076]}