{
    "cases": [
        43.15728518612006,
        56.84271481387994
    ],
    "hospitalized": [
        38.401897613821426,
        61.59810238617857
    ],
    "death": [
        35.71111111111111,
        64.28888888888889
    ]
}